when	user	A	B	games	jobs	map	seed_base	A_win	B_win	draw	err	A_rate	se_pp	runid
2026-08-29T10:43:34	jinsu	new_rule_baseline	v4_0	10	4	random	-	7	0	3	0	1.000	0.0	20260829T104333-jinsu-560367
2026-08-29T10:43:43	jinsu	new_rule_baseline	sample	6	3	N=201	-	6	0	0	0	1.000	0.0	20260829T104342-jinsu-568947
2026-08-29T10:44:40	jinsu	new_rule_baseline	v4_0	100	6	random	-	61	25	14	0	0.709	4.9	20260829T104429-jinsu-574639
2026-08-29T10:58:04	jinsu	new_rule_baseline	v4_0	100	6	random	-	67	3	30	0	0.957	2.4	20260829T105750-jinsu-688149
2026-08-29T10:58:25	jinsu	new_rule_baseline	v4_0	30	6	random	-	18	0	12	0	1.000	0.0	20260829T105822-jinsu-770704
2026-08-29T11:14:01	jinsu	new_rule_improved	sample	70	6	sweep(N=181..249)	-	70	0	0	0	1.000	0.0	20260829T111348-jinsu-864273
2026-08-29T11:14:23	jinsu	new_rule_improved	new_rule_baseline	105	6	sweep(N=181..249)	-	105	0	0	0	1.000	0.0	20260829T111408-jinsu-908925
2026-08-29T11:14:38	jinsu	new_rule_improved	v4_0	105	6	sweep(N=181..249)	-	102	1	2	0	0.990	1.0	20260829T111423-jinsu-981103
2026-08-29T11:15:04	jinsu	new_rule_improved	v5	105	6	sweep(N=181..249)	-	42	0	63	0	1.000	0.0	20260829T111438-jinsu-1058711
2026-08-29T11:17:23	jinsu	new_rule_improved	v5	210	6	sweep(N=181..249)	-	82	6	122	0	0.932	2.7	20260829T111634-jinsu-1138600
2026-08-29T11:20:10	jinsu	new_rule_improved	v6	210	6	sweep(N=181..249)	-	86	4	120	0	0.956	2.2	20260829T111920-jinsu-1295875
2026-08-29T11:35:36	inhyeok	/home/inhyeok/work/nv1.cpp	/home/inhyeok/work/nv1_rush.cpp	20	6	random	-	10	4	6	0	0.714	12.1	20260829T113522-inhyeok-1466285
2026-08-29T11:35:46	inhyeok	/home/inhyeok/work/nv1.cpp	/home/inhyeok/work/nv1_turtle.cpp	20	6	random	-	6	4	10	0	0.600	15.5	20260829T113536-inhyeok-1480610
2026-08-29T11:38:01	inhyeok	/home/inhyeok/work/nv1.cpp	/home/inhyeok/shared/TEAM/round_4_1145/new_rule_improved_v2.cpp	20	6	random	-	0	20	0	0	0.000	0.0	20260829T113749-inhyeok-1499825
2026-08-29T11:40:55	jinsu	new_rule_improved_v2	new_rule_improved	105	6	sweep(N=181..249)	-	53	3	49	0	0.946	3.0	20260829T114028-jinsu-1514315
2026-08-29T11:44:48	jinsu	new_rule_improved_v2	new_rule_baseline	105	6	sweep(N=181..249)	-	105	0	0	0	1.000	0.0	20260829T114437-jinsu-1598607
2026-08-29T11:44:58	jinsu	new_rule_improved_v2	v4_0	105	6	sweep(N=181..249)	-	103	1	1	0	0.990	1.0	20260829T114448-jinsu-1658260
2026-08-29T11:45:15	jinsu	new_rule_improved_v2	v6	105	6	sweep(N=181..249)	-	101	2	2	0	0.981	1.4	20260829T114458-jinsu-1719162
2026-08-29T11:55:06	jinsu	rush	new_rule_improved_v2	105	6	sweep(N=181..249)	-	63	42	0	0	0.600	4.8	20260829T115459-jinsu-1823642
2026-08-29T11:55:14	jinsu	rush	new_rule_improved	105	6	sweep(N=181..249)	-	59	43	3	0	0.578	4.9	20260829T115506-jinsu-1867939
2026-08-29T11:55:19	jinsu	rush	v6	105	6	sweep(N=181..249)	-	104	1	0	0	0.990	0.9	20260829T115515-jinsu-1914475
2026-08-29T11:56:57	jinsu	rush	new_rule_improved_v2	35	6	sweep(N=181..249)	-	17	18	0	0	0.486	8.4	20260829T115655-jinsu-1935486
2026-08-29T12:09:10	jinsu	new_rule_improved_v3	baseline_round_6_sehyeon_improved	105	6	sweep(N=181..249)	-	21	69	15	0	0.233	4.5	20260829T120845-jinsu-2276887
2026-08-29T12:09:19	jinsu	new_rule_improved_v3	round_6_jinsu_rush	105	6	sweep(N=181..249)	-	52	50	3	0	0.510	4.9	20260829T120910-jinsu-2349069
2026-08-29T12:09:27	jinsu	baseline_round_6_sehyeon_improved	round_6_jinsu_rush	105	6	sweep(N=181..249)	-	56	48	1	0	0.538	4.9	20260829T120919-jinsu-2397507
2026-08-29T12:11:02	jinsu	baseline_round_6_sehyeon_improved	new_rule_improved_v3	35	6	sweep(N=181..249)	-	22	7	6	0	0.759	7.9	20260829T121048-jinsu-2559095
2026-08-29T12:11:07	jinsu	baseline_round_6_sehyeon_improved	round_6_jinsu_rush	35	6	sweep(N=181..249)	-	21	14	0	0	0.600	8.3	20260829T121102-jinsu-2587935
2026-08-29T12:11:10	jinsu	new_rule_improved_v3	round_6_jinsu_rush	35	6	sweep(N=181..249)	-	17	18	0	0	0.486	8.4	20260829T121107-jinsu-2607125
2026-08-29T12:12:08	jinsu	rush	new_rule_improved_v2	350	6	sweep(N=181..249)	-	171	178	1	0	0.490	2.7	20260829T121141-jinsu-2623156
2026-08-29T12:12:35	jinsu	new_rule_improved_v2	rush	350	6	sweep(N=181..249)	-	177	173	0	0	0.506	2.7	20260829T121208-jinsu-2803216
2026-08-29T12:18:39	jinsu	inhyuk_v1	new_rule_improved_v3	105	6	sweep(N=181..249)	-	65	25	15	0	0.722	4.7	20260829T121814-jinsu-3004136
2026-08-29T12:18:51	jinsu	inhyuk_v1	round_6_jinsu_rush	105	6	sweep(N=181..249)	-	96	7	2	0	0.932	2.5	20260829T121839-jinsu-3076358
2026-08-29T12:18:57	jinsu	new_rule_improved_v3	round_6_jinsu_rush	105	6	sweep(N=181..249)	-	37	67	1	0	0.356	4.7	20260829T121851-jinsu-3138392
2026-08-29T12:20:25	jinsu	baseline_round_6_sehyeon_improved	inhyuk_v1	315	6	sweep(N=181..249)	-	33	31	251	0	0.516	6.2	20260829T121926-jinsu-3177967
2026-08-29T12:20:48	jinsu	baseline_round_6_sehyeon_improved	round_6_jinsu_rush	315	6	sweep(N=181..249)	-	159	155	1	0	0.506	2.8	20260829T122025-jinsu-3420518
2026-08-29T12:21:16	jinsu	inhyuk_v1	round_6_jinsu_rush	315	6	sweep(N=181..249)	-	279	34	2	0	0.891	1.8	20260829T122048-jinsu-3574181
2026-08-29T12:30:07	jinsu	inhyuk_v1_refactor	inhyuk_v1	105	6	sweep(N=181..249)	-	7	5	93	0	0.583	14.2	20260829T122939-jinsu-3852739
2026-08-29T12:30:30	jinsu	inhyuk_v1_refactor	baseline_round_6_sehyeon_improved	105	6	sweep(N=181..249)	-	6	10	89	0	0.375	12.1	20260829T123007-jinsu-3961415
2026-08-29T12:30:42	jinsu	inhyuk_v1_refactor	round_6_jinsu_rush	105	6	sweep(N=181..249)	-	93	9	3	0	0.912	2.8	20260829T123030-jinsu-4041485
2026-08-29T12:31:09	jinsu	inhyuk_v1	round_6_jinsu_rush	105	6	sweep(N=181..249)	-	96	8	1	0	0.923	2.6	20260829T123059-jinsu-4105360
2026-08-29T12:31:16	jinsu	baseline_round_6_sehyeon_improved	round_6_jinsu_rush	105	6	sweep(N=181..249)	-	47	58	0	0	0.448	4.9	20260829T123109-jinsu-4170980
2026-08-29T12:31:29	jinsu	inhyuk_v2	round_6_jinsu_rush	105	6	sweep(N=181..249)	-	87	17	1	0	0.837	3.6	20260829T123116-jinsu-27292
2026-08-29T12:31:50	jinsu	baseline_round_6_sehyeon_improved	round_6_jinsu_rush	210	6	sweep(N=181..249)	-	69	73	0	68	0.486	4.2	20260829T123140-jinsu-90729
2026-08-29T12:34:15	jinsu	round_5_jyp	inhyuk_v1_refactor	315	6	sweep(N=181..249)	-	1	311	3	0	0.003	0.3	20260829T123329-jinsu-161349
2026-08-29T12:43:27	ubuntu	sehyeon_v1	inhyuk_v1_refactor	105	6	sweep(N=181..249)	-	24	6	75	0	0.800	7.3	20260829T124301-ubuntu-367820
2026-08-29T12:43:38	ubuntu	sehyeon_v1	jinsu_rush	105	6	sweep(N=181..249)	-	91	12	2	0	0.883	3.2	20260829T124327-ubuntu-448010
2026-08-29T12:44:16	ubuntu	sehyeon_v1	inhyuk_v1_refactor	105	6	sweep(N=181..249)	-	11	11	83	0	0.500	10.7	20260829T124358-ubuntu-509305
2026-08-29T12:44:27	ubuntu	sehyeon_v1	jinsu_rush	105	6	sweep(N=181..249)	-	98	7	0	0	0.933	2.4	20260829T124417-ubuntu-589858
2026-08-29T12:53:51	ubuntu	inhyuk_v2	sehyeon_v1	105	6	sweep(N=181..249)	-	31	43	31	0	0.419	5.7	20260829T125326-ubuntu-856718
2026-08-29T12:54:02	ubuntu	inhyuk_v2	jinsu_rush	105	6	sweep(N=181..249)	-	98	7	0	0	0.933	2.4	20260829T125351-ubuntu-932998
2026-08-29T12:55:10	ubuntu	sehyeon_v2	sehyeon_v1	105	6	sweep(N=181..249)	-	15	10	80	0	0.600	9.8	20260829T125447-ubuntu-993820
2026-08-29T12:55:29	ubuntu	sehyeon_v2	inhyuk_v2	105	6	sweep(N=181..249)	-	34	28	43	0	0.548	6.3	20260829T125510-ubuntu-1074562
2026-08-29T12:55:38	ubuntu	sehyeon_v2	jinsu_rush	105	6	sweep(N=181..249)	-	94	11	0	0	0.895	3.0	20260829T125529-ubuntu-1154963
2026-08-29T12:56:04	inhyeok	TEAM/round_9_1300/sehyeon_v1.cpp	TEAM/round_9_1300/inhyuk_v2.cpp	100	4	sweep(N=181..249)	50000	28	24	48	0	0.538	6.9	20260829T125532-inhyeok-1175897
2026-08-29T12:56:38	inhyeok	TEAM/round_9_1300/sehyeon_v1.cpp	TEAM/round_9_1300/sehyeon_v2.cpp	100	4	sweep(N=181..249)	50000	9	12	79	0	0.429	10.8	20260829T125608-inhyeok-1293143
2026-08-29T12:57:10	inhyeok	TEAM/round_9_1300/inhyuk_v2.cpp	TEAM/round_9_1300/sehyeon_v2.cpp	100	4	sweep(N=181..249)	50000	26	37	37	0	0.413	6.2	20260829T125642-inhyeok-1372491
2026-08-29T12:57:51	ubuntu	sehyeon_v2	sehyeon_v1	315	6	sweep(N=181..249)	-	48	48	219	0	0.500	5.1	20260829T125653-ubuntu-1406677
2026-08-29T12:58:45	ubuntu	sehyeon_v2	inhyuk_v2	315	6	sweep(N=181..249)	-	121	84	110	0	0.590	3.4	20260829T125751-ubuntu-1693123
2026-08-29T12:59:14	ubuntu	sehyeon_v2	jinsu_rush	315	6	sweep(N=181..249)	-	296	19	0	0	0.940	1.3	20260829T125846-ubuntu-1928616
2026-08-29T13:10:25	ubuntu	sehyeon_v3	sehyeon_v2	105	6	sweep(N=181..249)	-	15	13	77	0	0.536	9.4	20260829T130959-ubuntu-2186647
2026-08-29T13:10:47	ubuntu	sehyeon_v3	inhyuk_v2	105	6	sweep(N=181..249)	-	50	27	28	0	0.649	5.4	20260829T131025-ubuntu-2268621
2026-08-29T13:10:58	ubuntu	sehyeon_v3	jinsu_rush	105	6	sweep(N=181..249)	-	97	8	0	0	0.924	2.6	20260829T131047-ubuntu-2346572
2026-08-29T13:11:41	ubuntu	jyp_v2	sehyeon_v3	105	6	sweep(N=181..249)	-	26	59	20	0	0.306	5.0	20260829T131119-ubuntu-2407935
2026-08-29T13:12:00	ubuntu	jyp_v2	sehyeon_v2	105	6	sweep(N=181..249)	-	21	64	20	0	0.247	4.7	20260829T131141-ubuntu-2486032
2026-08-29T13:12:19	ubuntu	jyp_v2	inhyuk_v2	105	6	sweep(N=181..249)	-	38	51	16	0	0.427	5.2	20260829T131200-ubuntu-2563446
2026-08-29T13:12:28	ubuntu	jyp_v2	jinsu_rush	105	6	sweep(N=181..249)	-	89	12	4	0	0.881	3.2	20260829T131219-ubuntu-2642630
2026-08-29T13:13:45	inhyeok	/home/inhyeok/work/inhyuk_v3.cpp	runs/contest/round_9/submission_133205.cpp	70	4	sweep(N=181..249)	931000	8	9	53	0	0.471	12.1	20260829T131319-inhyeok-2707739
2026-08-29T13:15:52	inhyeok	/home/inhyeok/work/inhyuk_v3.cpp	runs/contest/round_9/submission_133205.cpp	70	4	sweep(N=181..249)	941000	17	36	17	0	0.321	6.4	20260829T131531-inhyeok-2768707
2026-08-29T13:17:32	inhyeok	/home/inhyeok/work/inhyuk_v3.cpp	runs/contest/round_9/submission_133205.cpp	70	4	sweep(N=181..249)	951000	19	15	36	0	0.559	8.5	20260829T131711-inhyeok-2824295
2026-08-29T13:17:53	inhyeok	/home/inhyeok/work/inhyuk_v3.cpp	TEAM/round_9_1300/inhyuk_v2.cpp	35	4	sweep(N=181..249)	961000	15	9	11	0	0.625	9.9	20260829T131744-inhyeok-2879937
2026-08-29T13:18:02	inhyeok	/home/inhyeok/work/inhyuk_v3.cpp	TEAM/round_9_1300/sehyeon_v1.cpp	35	4	sweep(N=181..249)	961000	13	8	14	0	0.619	10.6	20260829T131753-inhyeok-2906639
2026-08-29T13:18:09	inhyeok	/home/inhyeok/work/inhyuk_v3.cpp	TEAM/round_9_1300/jinsu_rush.cpp	35	4	sweep(N=181..249)	961000	33	2	0	0	0.943	3.9	20260829T131802-inhyeok-2933255
2026-08-29T13:18:40	inhyeok	/home/inhyeok/work/inhyuk_v3.cpp	TEAM/round_10_1315/sehyeon_v3.cpp	35	4	sweep(N=181..249)	971000	13	7	15	0	0.650	10.7	20260829T131828-inhyeok-2954099
2026-08-29T13:21:08	ubuntu	sehyeon_v4	sehyeon_v3	105	6	sweep(N=181..249)	-	17	51	37	0	0.250	5.3	20260829T132041-ubuntu-2982270
2026-08-29T13:21:33	ubuntu	sehyeon_v4	inhyuk_v3	105	6	sweep(N=181..249)	-	13	68	24	0	0.160	4.1	20260829T132108-ubuntu-3063091
2026-08-29T13:21:58	ubuntu	sehyeon_v4	inhyuk_v2	105	6	sweep(N=181..249)	-	12	62	31	0	0.162	4.3	20260829T132133-ubuntu-3143210
2026-08-29T13:22:11	ubuntu	sehyeon_v4	jinsu_rush	105	6	sweep(N=181..249)	-	95	10	0	0	0.905	2.9	20260829T132158-ubuntu-3224896
2026-08-29T13:22:12	inhyeok	TEAM/round_10_1315/sehyeon_v3.cpp	TEAM/round_10_1315/inhyuk_v3.cpp	35	4	sweep(N=181..249)	981000	10	8	17	0	0.556	11.7	20260829T132157-inhyeok-3223389
2026-08-29T13:22:44	ubuntu	inhyuk_v3	sehyeon_v3	105	6	sweep(N=181..249)	-	33	22	50	0	0.600	6.6	20260829T132224-ubuntu-3315158
2026-08-29T13:23:04	ubuntu	inhyuk_v3	inhyuk_v2	105	6	sweep(N=181..249)	-	34	27	44	0	0.557	6.4	20260829T132244-ubuntu-3396188
2026-08-29T13:23:13	ubuntu	inhyuk_v3	jinsu_rush	105	6	sweep(N=181..249)	-	89	16	0	0	0.848	3.5	20260829T132304-ubuntu-3476451
2026-08-29T13:35:21	inhyeok	/home/inhyeok/work/inhyuk_v4.cpp	runs/contest/round_11/submission_133464.cpp	70	4	sweep(N=181..249)	991000	21	9	40	0	0.700	8.4	20260829T133456-inhyeok-3556635
2026-08-29T13:35:56	jinsu	jyp_v3	sehyeon_v3	105	6	sweep(N=181..249)	-	2	103	0	0	0.019	1.3	20260829T133534-jinsu-3610658
2026-08-29T13:36:11	inhyeok	/home/inhyeok/work/inhyuk_v4.cpp	TEAM/round_12_1345/jyp_v3.cpp	35	1	sweep(N=181..249)	993000	0	0	0	35	n/a	n/a	20260829T133603-inhyeok-3697057
2026-08-29T13:36:16	jinsu	jyp_v3	inhyuk_v3	105	6	sweep(N=181..249)	-	2	101	2	0	0.019	1.4	20260829T133556-jinsu-3680830
2026-08-29T13:36:27	jinsu	jyp_v3	jinsu_rush	105	6	sweep(N=181..249)	-	83	20	2	0	0.806	3.9	20260829T133616-jinsu-3752807
2026-08-29T13:36:29	inhyeok	/home/inhyeok/work/inhyuk_v4.cpp	TEAM/round_11_1330/jinsu_rush.cpp	40	1	sweep(N=181..249)	994000	0	0	0	40	n/a	n/a	20260829T133623-inhyeok-3790434
2026-08-29T13:36:31	inhyeok	/home/inhyeok/work/inhyuk_v4.cpp	TEAM/round_11_1330/sehyeon_v3.cpp	40	1	sweep(N=181..249)	995000	0	0	0	40	n/a	n/a	20260829T133623-inhyeok-3790402
2026-08-29T13:36:31	inhyeok	/home/inhyeok/work/inhyuk_v4.cpp	TEAM/round_11_1330/sehyeon_v4.cpp	40	1	sweep(N=181..249)	996000	0	0	0	40	n/a	n/a	20260829T133623-inhyeok-3790420
2026-08-29T13:36:48	inhyeok	/home/inhyeok/work/inhyuk_v4.cpp	TEAM/round_11_1330/jinsu_rush.cpp	40	4	sweep(N=181..249)	994000	37	2	1	0	0.949	3.5	20260829T133643-inhyeok-3817754
2026-08-29T13:36:59	inhyeok	/home/inhyeok/work/inhyuk_v4.cpp	TEAM/round_11_1330/sehyeon_v3.cpp	40	4	sweep(N=181..249)	995000	11	9	20	0	0.550	11.1	20260829T133648-inhyeok-3841176
2026-08-29T13:37:10	inhyeok	/home/inhyeok/work/inhyuk_v4.cpp	TEAM/round_11_1330/sehyeon_v4.cpp	40	4	sweep(N=181..249)	996000	21	10	9	0	0.677	8.4	20260829T133659-inhyeok-3872732
2026-08-29T13:37:35	inhyeok	/home/inhyeok/work/inhyuk_v4.cpp	runs/contest/round_11/submission_133464.cpp	70	4	sweep(N=181..249)	997000	24	14	32	0	0.632	7.8	20260829T133716-inhyeok-3903002
2026-08-29T13:37:45	inhyeok	/home/inhyeok/work/inhyuk_v4.cpp	TEAM/round_12_1345/jyp_v3.cpp	40	4	sweep(N=181..249)	998000	38	0	2	0	1.000	0.0	20260829T133736-inhyeok-3956383
2026-08-29T13:38:23	inhyeok	/home/inhyeok/work/inhyuk_v4.cpp	sample	70	4	sweep(N=181..249)	999000	70	0	0	0	1.000	0.0	20260829T133814-inhyeok-3984151
2026-08-29T13:40:19	jinsu	sehyeon_v5	sehyeon_v3	105	6	sweep(N=181..249)	-	11	65	29	0	0.145	4.0	20260829T133957-jinsu-4023577
2026-08-29T13:40:39	jinsu	sehyeon_v5	inhyuk_v3	105	6	sweep(N=181..249)	-	18	56	31	0	0.243	5.0	20260829T134019-jinsu-4103408
2026-08-29T13:40:48	jinsu	sehyeon_v5	jinsu_rush	105	6	sweep(N=181..249)	-	89	16	0	0	0.848	3.5	20260829T134039-jinsu-4183315
2026-08-29T13:41:10	jinsu	inhyuk_v4	sehyeon_v3	105	6	sweep(N=181..249)	-	31	32	42	0	0.492	6.3	20260829T134048-jinsu-46443
2026-08-29T13:41:31	jinsu	inhyuk_v4	inhyuk_v3	105	6	sweep(N=181..249)	-	31	19	55	0	0.620	6.9	20260829T134110-jinsu-124947
2026-08-29T13:41:40	jinsu	inhyuk_v4	jinsu_rush	105	6	sweep(N=181..249)	-	90	15	0	0	0.857	3.4	20260829T134131-jinsu-205214
2026-08-29T13:42:01	jinsu	sehyeon_v5	inhyuk_v4	105	6	sweep(N=181..249)	-	11	51	43	0	0.177	4.9	20260829T134140-jinsu-265492
2026-08-29T13:51:12	inhyeok	/home/inhyeok/work/inhyuk_v5.cpp	runs/contest/round_12/submission_133679.cpp	140	4	sweep(N=181..249)	1100000	12	87	41	0	0.121	3.3	20260829T135029-inhyeok-363906
2026-08-29T13:51:34	inhyeok	/home/inhyeok/work/inhyuk_v5.cpp	TEAM/round_12_1345/sehyeon_v5.cpp	70	4	sweep(N=181..249)	1101000	23	27	20	0	0.460	7.0	20260829T135112-inhyeok-470128
2026-08-29T13:51:44	inhyeok	/home/inhyeok/work/inhyuk_v5.cpp	TEAM/round_13_1400/jinsu_rush.cpp	70	4	sweep(N=181..249)	1102000	63	7	0	0	0.900	3.6	20260829T135134-inhyeok-524504
2026-08-29T13:52:33	inhyeok	/home/inhyeok/work/inhyuk_v5.cpp	runs/contest/round_12/submission_133679.cpp	140	4	sweep(N=181..249)	1100000	8	12	120	0	0.400	11.0	20260829T135152-inhyeok-562910
2026-08-29T13:54:14	inhyeok	/home/inhyeok/work/inhyuk_v5.cpp	runs/contest/round_12/submission_133679.cpp	210	4	sweep(N=181..249)	1103000	24	20	166	0	0.545	7.5	20260829T135314-inhyeok-678295
2026-08-29T13:54:50	inhyeok	/home/inhyeok/work/inhyuk_v5.cpp	TEAM/round_12_1345/sehyeon_v5.cpp	70	4	sweep(N=181..249)	1104000	36	9	25	0	0.800	6.0	20260829T135432-inhyeok-846570
2026-08-29T13:55:08	inhyeok	runs/contest/round_12/submission_133679.cpp	TEAM/round_12_1345/sehyeon_v5.cpp	70	4	sweep(N=181..249)	1104000	41	9	20	0	0.820	5.4	20260829T135450-inhyeok-900069
2026-08-29T13:55:31	inhyeok	/home/inhyeok/work/inhyuk_v5.cpp	TEAM/round_13_1400/sehyeon_v3.cpp	70	4	sweep(N=181..249)	1105000	24	15	31	0	0.615	7.8	20260829T135508-inhyeok-953224
2026-08-29T13:55:50	inhyeok	runs/contest/round_12/submission_133679.cpp	TEAM/round_13_1400/sehyeon_v3.cpp	70	4	sweep(N=181..249)	1105000	23	15	32	0	0.605	7.9	20260829T135531-inhyeok-1008625
2026-08-29T13:55:59	inhyeok	/home/inhyeok/work/inhyuk_v5.cpp	TEAM/round_13_1400/jinsu_rush.cpp	70	4	sweep(N=181..249)	1106000	65	5	0	0	0.929	3.1	20260829T135550-inhyeok-1064432
2026-08-29T13:56:08	inhyeok	runs/contest/round_12/submission_133679.cpp	TEAM/round_13_1400/jinsu_rush.cpp	70	4	sweep(N=181..249)	1106000	65	5	0	0	0.929	3.1	20260829T135559-inhyeok-1104568
2026-08-29T13:58:07	inhyeok	/home/inhyeok/work/inhyuk_v5.cpp	runs/contest/round_12/submission_133679.cpp	210	4	sweep(N=181..249)	1107000	19	20	171	0	0.487	8.0	20260829T135709-inhyeok-1148329
2026-08-29T13:58:25	inhyeok	/home/inhyeok/work/inhyuk_v5.cpp	TEAM/round_12_1345/sehyeon_v5.cpp	70	4	sweep(N=181..249)	1104000	44	9	17	0	0.830	5.2	20260829T135807-inhyeok-1315433
2026-08-29T13:58:54	inhyeok	/home/inhyeok/work/inhyuk_v5.cpp	TEAM/round_13_1400/sehyeon_v3.cpp	70	4	sweep(N=181..249)	1105000	24	15	31	0	0.615	7.8	20260829T135835-inhyeok-1368117
2026-08-29T13:59:04	inhyeok	/home/inhyeok/work/inhyuk_v5.cpp	TEAM/round_13_1400/jinsu_rush.cpp	70	4	sweep(N=181..249)	1106000	65	5	0	0	0.929	3.1	20260829T135854-inhyeok-1422860
2026-08-29T13:59:11	jinsu	jyp_v4	sehyeon_v3	105	6	sweep(N=181..249)	-	0	104	1	0	0.000	0.0	20260829T135850-jinsu-1412113
2026-08-29T13:59:15	inhyeok	/home/inhyeok/work/inhyuk_v5.cpp	sample	70	4	sweep(N=181..249)	1108000	70	0	0	0	1.000	0.0	20260829T135904-inhyeok-1495713
2026-08-29T13:59:27	jinsu	jyp_v4	inhyuk_v4	105	6	sweep(N=181..249)	-	0	105	0	0	0.000	0.0	20260829T135911-jinsu-1547038
2026-08-29T13:59:38	jinsu	jyp_v4	jinsu_rush	105	6	sweep(N=181..249)	-	101	4	0	0	0.962	1.9	20260829T135927-jinsu-1622757
2026-08-29T14:02:59	jinsu	inhyuk_v4	inhyuk_v5	105	6	sweep(N=181..249)	-	13	8	84	0	0.619	10.6	20260829T140232-jinsu-1692010
2026-08-29T14:03:22	jinsu	inhyuk_v4	sehyeon_v3	105	6	sweep(N=181..249)	-	37	22	46	0	0.627	6.3	20260829T140259-jinsu-1772408
2026-08-29T14:03:46	jinsu	inhyuk_v4	sehyeon_v6	105	6	sweep(N=181..249)	-	59	18	28	0	0.766	4.8	20260829T140322-jinsu-1852584
2026-08-29T14:04:06	jinsu	inhyuk_v5	sehyeon_v3	105	6	sweep(N=181..249)	-	36	22	47	0	0.621	6.4	20260829T140346-jinsu-1929816
2026-08-29T14:04:25	jinsu	inhyuk_v5	sehyeon_v6	105	6	sweep(N=181..249)	-	59	14	32	0	0.808	4.6	20260829T140406-jinsu-2009716
2026-08-29T14:04:43	jinsu	sehyeon_v3	sehyeon_v6	105	6	sweep(N=181..249)	-	50	25	30	0	0.667	5.4	20260829T140425-jinsu-2087108
2026-08-29T14:07:38	inhyeok	/home/inhyeok/work/inhyuk_v6.cpp	TEAM/round_13_1400/inhyuk_v5.cpp	140	4	sweep(N=181..249)	1200000	24	31	85	0	0.436	6.7	20260829T140652-inhyeok-2168166
2026-08-29T14:09:06	inhyeok	/home/inhyeok/work/inhyuk_v6.cpp	TEAM/round_13_1400/inhyuk_v5.cpp	210	4	sweep(N=181..249)	1201000	20	17	173	0	0.541	8.2	20260829T140805-inhyeok-2279716
2026-08-29T14:09:34	inhyeok	/home/inhyeok/work/inhyuk_v6.cpp	TEAM/round_12_1345/sehyeon_v5.cpp	70	4	sweep(N=181..249)	1203000	46	6	18	0	0.885	4.4	20260829T140915-inhyeok-2448709
2026-08-29T14:09:58	inhyeok	TEAM/round_13_1400/inhyuk_v5.cpp	TEAM/round_12_1345/sehyeon_v5.cpp	70	4	sweep(N=181..249)	1203000	46	7	17	0	0.868	4.7	20260829T140934-inhyeok-2503068
2026-08-29T14:09:59	jinsu	inhyuk_v4	sehyeon_v3	105	6	sweep(N=181..249)	-	35	24	46	0	0.593	6.4	20260829T140935-jinsu-2506683
2026-08-29T14:10:09	inhyeok	/home/inhyeok/work/inhyuk_v6.cpp	TEAM/round_13_1400/jinsu_rush.cpp	70	4	sweep(N=181..249)	1204000	65	5	0	0	0.929	3.1	20260829T140958-inhyeok-2637001
2026-08-29T14:10:20	inhyeok	TEAM/round_13_1400/inhyuk_v5.cpp	TEAM/round_13_1400/jinsu_rush.cpp	70	4	sweep(N=181..249)	1204000	65	5	0	0	0.929	3.1	20260829T141009-inhyeok-2699222
2026-08-29T14:10:26	jinsu	inhyuk_v4	inhyuk_v5	105	6	sweep(N=181..249)	-	8	3	94	0	0.727	13.4	20260829T140959-jinsu-2645249
2026-08-29T14:10:47	jinsu	jinsu_exp_a	sehyeon_v3	105	6	sweep(N=181..249)	-	8	68	29	0	0.105	3.5	20260829T141027-jinsu-2804565
2026-08-29T14:11:02	inhyeok	/home/inhyeok/work/inhyuk_v6.cpp	TEAM/round_13_1400/sehyeon_v3.cpp	70	4	sweep(N=181..249)	1105000	27	14	29	0	0.659	7.4	20260829T141038-inhyeok-2854283
2026-08-29T14:11:11	jinsu	jinsu_exp_a	inhyuk_v5	105	6	sweep(N=181..249)	-	3	81	21	0	0.036	2.0	20260829T141048-jinsu-2906000
2026-08-29T14:11:13	inhyeok	/home/inhyeok/work/inhyuk_v6.cpp	sample	70	4	sweep(N=181..249)	1205000	70	0	0	0	1.000	0.0	20260829T141102-inhyeok-2987500
2026-08-29T14:11:32	jinsu	jinsu_exp_b	sehyeon_v3	105	6	sweep(N=181..249)	-	15	56	34	0	0.211	4.8	20260829T141111-jinsu-3047725
2026-08-29T14:11:52	jinsu	jinsu_exp_b	inhyuk_v5	105	6	sweep(N=181..249)	-	12	64	29	0	0.158	4.2	20260829T141132-jinsu-3134329
2026-08-29T14:12:03	jinsu	jinsu_exp_c	sehyeon_v3	105	6	sweep(N=181..249)	-	0	105	0	0	0.000	0.0	20260829T141152-jinsu-3214294
2026-08-29T14:12:14	jinsu	jinsu_exp_c	inhyuk_v5	105	6	sweep(N=181..249)	-	0	105	0	0	0.000	0.0	20260829T141203-jinsu-3273687
2026-08-29T14:12:25	jinsu	jinsu_exp_d	sehyeon_v3	105	6	sweep(N=181..249)	-	0	105	0	0	0.000	0.0	20260829T141214-jinsu-3333782
2026-08-29T14:12:36	jinsu	jinsu_exp_d	inhyuk_v5	105	6	sweep(N=181..249)	-	0	105	0	0	0.000	0.0	20260829T141225-jinsu-3394618
2026-08-29T14:13:19	jinsu	inhyuk_v6	inhyuk_v5	105	6	sweep(N=181..249)	-	11	7	87	0	0.611	11.5	20260829T141255-jinsu-3454502
2026-08-29T14:13:41	jinsu	inhyuk_v6	inhyuk_v4	105	6	sweep(N=181..249)	-	16	15	74	0	0.516	9.0	20260829T141320-jinsu-3537815
2026-08-29T14:14:01	jinsu	inhyuk_v6	sehyeon_v3	105	6	sweep(N=181..249)	-	26	31	48	0	0.456	6.6	20260829T141341-jinsu-3620652
2026-08-29T14:33:06	jinyoung	./v7.cpp	/srv/nypc/TEAM/round_14_1415/inhyuk_v6.cpp	10	4	random	100	0	10	0	0	0.000	0.0	20260829T143300-jinyoung-315169
2026-08-29T14:34:58	jinyoung	./v7.cpp	/srv/nypc/TEAM/round_14_1415/inhyuk_v6.cpp	10	4	random	100	0	10	0	0	0.000	0.0	20260829T143456-jinyoung-327052
2026-08-29T14:36:18	jinsu	inhyuk_v6	jinsu_rush	105	6	sweep(N=181..249)	-	103	2	0	0	0.981	1.3	20260829T143603-jinsu-337499
2026-08-29T14:37:41	jinyoung	./v7.cpp	/srv/nypc/TEAM/round_14_1415/inhyuk_v6.cpp	10	4	random	100	0	10	0	0	0.000	0.0	20260829T143738-jinyoung-402125
2026-08-29T14:37:57	jinyoung	./v7.cpp	sample	4	2	random	200	4	0	0	0	1.000	0.0	20260829T143756-jinyoung-413021
2026-08-29T14:38:00	jinyoung	./v7.cpp	/srv/nypc/TEAM/old/v6.cpp	4	2	random	300	0	2	2	0	0.000	0.0	20260829T143757-jinyoung-415004
2026-08-29T14:38:47	inhyeok	/home/inhyeok/work/inhyuk_v7_candidate.cpp	TEAM/round_14_1415/inhyuk_v6.cpp	210	4	sweep(N=181..249)	-	20	172	18	0	0.104	2.2	20260829T143755-inhyeok-412945
2026-08-29T14:38:52	jinyoung	./v7.cpp	/srv/nypc/TEAM/round_14_1415/inhyuk_v6.cpp	10	4	random	100	1	7	2	0	0.125	11.7	20260829T143848-jinyoung-552487
2026-08-29T14:40:06	jinsu	staged_rush	inhyuk_v6	105	6	sweep(N=181..249)	-	32	73	0	0	0.305	4.5	20260829T143955-jinsu-562323
2026-08-29T14:41:01	jinyoung	/home/jinyoung/bots/babsang.cpp	sample	20	4	random	-	20	0	0	0	1.000	0.0	20260829T144057-jinyoung-626179
2026-08-29T14:41:05	jinyoung	/home/jinyoung/bots/babsang.cpp	/home/jinyoung/shared/TEAM/round_14_1415/inhyuk_v6.cpp	20	4	random	-	1	19	0	0	0.050	4.9	20260829T144101-jinyoung-632562
2026-08-29T14:42:41	jinsu	staged_rush	inhyuk_v6	105	6	sweep(N=181..249)	-	26	78	1	0	0.250	4.2	20260829T144230-jinsu-646301
2026-08-29T14:42:48	jinsu	sr_reinf	inhyuk_v6	105	6	sweep(N=181..249)	-	38	67	0	0	0.362	4.7	20260829T144241-jinsu-711290
2026-08-29T14:42:59	jinsu	sr_adj	inhyuk_v6	105	6	sweep(N=181..249)	-	19	86	0	0	0.181	3.8	20260829T144248-jinsu-737706
2026-08-29T14:43:04	jinsu	sr_big	inhyuk_v6	105	6	sweep(N=181..249)	-	0	105	0	0	0.000	0.0	20260829T144259-jinsu-798726
2026-08-29T14:43:12	jinsu	sr_adj_reinf	inhyuk_v6	105	6	sweep(N=181..249)	-	13	92	0	0	0.124	3.2	20260829T144304-jinsu-805565
2026-08-29T14:43:17	jinsu	sr_big_reinf	inhyuk_v6	105	6	sweep(N=181..249)	-	0	105	0	0	0.000	0.0	20260829T144312-jinsu-838381
2026-08-29T14:43:34	jinyoung	/home/jinyoung/bots/babsang.cpp	/home/jinyoung/shared/TEAM/round_14_1415/inhyuk_v6.cpp	20	4	random	-	11	9	0	0	0.550	11.1	20260829T144328-jinyoung-845272
2026-08-29T14:43:49	jinsu	sr_fast	inhyuk_v6	105	6	sweep(N=181..249)	-	5	100	0	0	0.048	2.1	20260829T144342-jinsu-857669
2026-08-29T14:43:57	jinyoung	/home/jinyoung/bots/babsang.cpp	/home/jinyoung/shared/TEAM/round_14_1415/inhyuk_v6.cpp	40	6	random	-	26	14	0	0	0.650	7.5	20260829T144351-jinyoung-884238
2026-08-29T14:43:57	jinsu	sr_faster	inhyuk_v6	105	6	sweep(N=181..249)	-	3	102	0	0	0.029	1.6	20260829T144349-jinsu-884168
2026-08-29T14:44:03	jinyoung	/home/jinyoung/bots/babsang.cpp	/home/jinyoung/shared/TEAM/round_13_1400/jyp_v4.cpp	20	6	random	-	19	1	0	0	0.950	4.9	20260829T144357-jinyoung-928427
2026-08-29T14:44:05	jinsu	sr_reinf_str2	inhyuk_v6	105	6	sweep(N=181..249)	-	32	73	0	0	0.305	4.5	20260829T144357-jinsu-928661
2026-08-29T14:44:10	jinyoung	/home/jinyoung/bots/babsang.cpp	/home/jinyoung/shared/TEAM/round_13_1400/sehyeon_v3.cpp	20	6	random	-	17	3	0	0	0.850	8.0	20260829T144403-jinyoung-963152
2026-08-29T14:44:13	jinyoung	/home/jinyoung/bots/babsang.cpp	/home/jinyoung/shared/TEAM/round_13_1400/jinsu_rush.cpp	20	6	random	-	0	20	0	0	0.000	0.0	20260829T144410-jinyoung-994824
2026-08-29T14:44:14	jinsu	sr_pick2_reinf	inhyuk_v6	105	6	sweep(N=181..249)	-	23	82	0	0	0.219	4.0	20260829T144405-jinsu-970008
2026-08-29T14:44:24	jinsu	sr_reinf_hw0	inhyuk_v6	105	6	sweep(N=181..249)	-	0	105	0	0	0.000	0.0	20260829T144414-jinsu-1018006
2026-08-29T14:45:21	jinsu	sr_reinf	inhyuk_v6	105	6	sweep(N=181..249)	-	33	72	0	0	0.314	4.5	20260829T144514-jinsu-1070556
2026-08-29T14:45:26	jinsu	sr_wave3	inhyuk_v6	105	6	sweep(N=181..249)	-	17	88	0	0	0.162	3.6	20260829T144521-jinsu-1098563
2026-08-29T14:45:33	jinsu	sr_wave4	inhyuk_v6	105	6	sweep(N=181..249)	-	13	92	0	0	0.124	3.2	20260829T144527-jinsu-1115718
2026-08-29T14:46:07	jinsu	sr6_reinf	inhyuk_v6	105	6	sweep(N=181..249)	-	0	105	0	0	0.000	0.0	20260829T144601-jinsu-1233667
2026-08-29T14:46:19	jinsu	sr_reinf	inhyuk_v6	210	6	sweep(N=181..249)	-	80	130	0	0	0.381	3.4	20260829T144607-jinsu-1257162
2026-08-29T14:46:21	inhyeok	/home/inhyeok/work/inhyuk_v7_candidate.cpp	TEAM/round_14_1415/inhyuk_v6.cpp	210	4	sweep(N=181..249)	-	0	203	7	0	0.000	0.0	20260829T144526-inhyeok-1115456
2026-08-29T14:50:06	inhyeok	/home/inhyeok/work/inhyuk_v7_candidate.cpp	TEAM/round_15_1430/jinsu_rush.cpp	70	2	sweep(N=181..249)	-	68	2	0	0	0.971	2.0	20260829T144941-inhyeok-1356529
2026-08-29T14:50:46	inhyeok	/home/inhyeok/work/inhyuk_v7_candidate.cpp	TEAM/round_14_1415/inhyuk_v6.cpp	140	2	sweep(N=181..249)	-	0	139	1	0	0.000	0.0	20260829T144941-inhyeok-1356477
2026-08-29T14:54:29	inhyeok	/home/inhyeok/work/inhyuk_v7_candidate.cpp	TEAM/round_14_1415/sehyeon_v3.cpp	70	2	sweep(N=181..249)	-	23	21	26	0	0.523	7.5	20260829T145343-inhyeok-1512205
2026-08-29T14:55:02	inhyeok	/home/inhyeok/work/inhyuk_v7_candidate.cpp	TEAM/round_14_1415/inhyuk_v6.cpp	140	2	sweep(N=181..249)	-	13	24	103	0	0.351	7.8	20260829T145343-inhyeok-1512200
2026-08-29T14:55:26	inhyeok	/home/inhyeok/work/inhyuk_v7_candidate.cpp	TEAM/round_15_1430/jinsu_rush.cpp	70	2	sweep(N=181..249)	-	63	7	0	0	0.900	3.6	20260829T145507-inhyeok-1677366
2026-08-29T14:55:46	inhyeok	/home/inhyeok/work/inhyuk_v7_candidate.cpp	TEAM/round_14_1415/inhyuk_v6.cpp	70	2	sweep(N=181..249)	-	6	9	55	0	0.400	12.6	20260829T145507-inhyeok-1677345
2026-08-29T14:58:22	jinyoung	134558	inhyuk_v6	105	6	sweep(N=181..249)	-	56	13	36	0	0.812	4.7	20260829T145801-jinyoung-1783298
2026-08-29T14:58:43	jinyoung	134558	inhyuk_v7_candidate	105	6	sweep(N=181..249)	-	50	24	31	0	0.676	5.4	20260829T145822-jinyoung-1863812
2026-08-29T14:58:53	jinyoung	134558	rush	105	6	sweep(N=181..249)	-	93	12	0	0	0.886	3.1	20260829T145843-jinyoung-1944072
2026-08-29T14:59:13	jinyoung	134558	sehyeon_v3	105	6	sweep(N=181..249)	-	66	14	25	0	0.825	4.2	20260829T145853-jinyoung-2005136
2026-08-29T14:59:18	jinyoung	134558	sr_reinf	105	6	sweep(N=181..249)	-	64	41	0	0	0.610	4.8	20260829T145913-jinyoung-2083491
2026-08-29T14:59:39	jinyoung	inhyuk_v7_candidate	inhyuk_v6	105	6	sweep(N=181..249)	-	13	22	70	0	0.371	8.2	20260829T145918-jinyoung-2109736
2026-08-29T14:59:49	jinyoung	inhyuk_v7_candidate	rush	105	6	sweep(N=181..249)	-	93	10	2	0	0.903	2.9	20260829T145939-jinyoung-2192687
2026-08-29T15:00:09	jinyoung	inhyuk_v7_candidate	sehyeon_v3	105	6	sweep(N=181..249)	-	36	22	47	0	0.621	6.4	20260829T145949-jinyoung-2256723
2026-08-29T15:00:15	jinyoung	inhyuk_v7_candidate	sr_reinf	105	6	sweep(N=181..249)	-	67	38	0	0	0.638	4.7	20260829T150009-jinyoung-2337274
2026-08-29T15:00:57	jinyoung	inhyuk_v7	134558	105	6	sweep(N=181..249)	-	21	56	28	0	0.273	5.1	20260829T150037-jinyoung-2368525
2026-08-29T15:01:19	jinyoung	inhyuk_v7	inhyuk_v6	105	6	sweep(N=181..249)	-	13	13	79	0	0.500	9.8	20260829T150057-jinyoung-2448269
2026-08-29T15:01:29	jinyoung	inhyuk_v7	rush	105	6	sweep(N=181..249)	-	96	9	0	0	0.914	2.7	20260829T150119-jinyoung-2532279
2026-08-29T15:01:49	jinyoung	inhyuk_v7	sehyeon_v3	105	6	sweep(N=181..249)	-	32	40	33	0	0.444	5.9	20260829T150129-jinyoung-2592788
2026-08-29T15:01:55	jinyoung	inhyuk_v7	sr_reinf	105	6	sweep(N=181..249)	-	55	50	0	0	0.524	4.9	20260829T150149-jinyoung-2673260
2026-08-29T15:03:21	jinyoung	inhyuk_v7	sr_reinf	105	6	sweep(N=181..249)	-	68	37	0	0	0.648	4.7	20260829T150316-jinyoung-2707203
2026-08-29T15:05:21	inhyeok	/home/inhyeok/work/inhyuk_v7_round17_tuned_wrapper.cpp	TEAM/round_16_1445/inhyuk_v7.cpp	350	4	sweep(N=181..249)	817000	185	73	92	0	0.717	2.8	20260829T150341-inhyeok-2737375
2026-08-29T15:12:01	inhyeok	TEAM/round_17_1500/inhyuk_v8.cpp	TEAM/round_17_1500/sehyeon7.cpp	350	4	sweep(N=181..249)	817350	38	72	240	0	0.345	4.5	20260829T151014-inhyeok-3010176
2026-08-29T15:12:44	jinsu	mass15	inhyuk_v6	105	6	sweep(N=181..249)	-	0	105	0	0	0.000	0.0	20260829T151234-jinsu-3369815
2026-08-29T15:12:54	jinsu	mass30	inhyuk_v6	105	6	sweep(N=181..249)	-	0	105	0	0	0.000	0.0	20260829T151244-jinsu-3441683
2026-08-29T15:13:46	inhyeok	TEAM/round_16_1445/inhyuk_v7.cpp	TEAM/round_17_1500/sehyeon7.cpp	350	4	sweep(N=181..249)	817350	64	181	105	0	0.261	2.8	20260829T151208-inhyeok-3293662
2026-08-29T15:16:04	jinsu	mass15	inhyuk_v6	105	6	sweep(N=181..249)	-	1	104	0	0	0.010	0.9	20260829T151555-jinsu-3668529
2026-08-29T15:16:14	jinsu	mass30	inhyuk_v6	105	6	sweep(N=181..249)	-	0	105	0	0	0.000	0.0	20260829T151604-jinsu-3725969
2026-08-29T15:16:19	jinsu	sr_reinf	inhyuk_v6	105	6	sweep(N=181..249)	-	40	65	0	0	0.381	4.7	20260829T151614-jinsu-3784441
2026-08-29T15:41:46	jinsu	moe_v7	inhyuk_v7	315	6	sweep(N=181..249)	-	122	94	99	0	0.565	3.4	20260829T154042-jinsu-3831324
2026-08-29T15:44:03	jinsu	moe_v7	sehyeon7	315	6	sweep(N=181..249)	-	88	154	73	0	0.364	3.1	20260829T154300-jinsu-4073708
2026-08-29T15:45:13	jinsu	inhyuk_v7	sehyeon7	315	6	sweep(N=181..249)	-	52	183	80	0	0.221	2.7	20260829T154413-jinsu-117762
2026-08-29T15:48:19	jinsu	sehyeon7_tuned	sehyeon7	105	6	sweep(N=181..249)	-	30	44	31	0	0.405	5.7	20260829T154751-jinsu-358487
2026-08-29T15:54:34	jinsu	v7_base	sr_reinf	105	6	sweep(N=181..249)	-	62	43	0	0	0.590	4.8	20260829T155426-jinsu-445560
2026-08-29T15:54:39	jinsu	v7_fix	sr_reinf	105	6	sweep(N=181..249)	-	67	38	0	0	0.638	4.7	20260829T155434-jinsu-473409
2026-08-29T15:56:15	jinyoung	../TEAM/round_17_1500/inhyuk_v7.cpp	../TEAM/round_17_1500/inhyuk_v8.cpp	100	6	sweep(N=181..249)	-	16	47	37	0	0.254	5.5	20260829T155551-jinyoung-503602
2026-08-29T15:57:13	jinsu	inhyuk_v8	inhyuk_v7	105	6	sweep(N=181..249)	-	54	16	35	0	0.771	5.0	20260829T155645-jinsu-581365
2026-08-29T15:58:30	jinsu	inhyuk_v8	sr_reinf	105	6	sweep(N=181..249)	-	64	41	0	0	0.610	4.8	20260829T155823-jinsu-664225
2026-08-29T15:58:36	jinsu	inhyuk_v7	sr_reinf	105	6	sweep(N=181..249)	-	66	39	0	0	0.629	4.7	20260829T155830-jinsu-693016
2026-08-29T15:58:39	jinyoung	../TEAM/round_17_1500/inhyuk_v8.cpp	../TEAM/round_17_1500/sr_reinf.cpp	100	6	sweep(N=181..249)	-	54	46	0	0	0.540	5.0	20260829T155832-jinyoung-704895
2026-08-29T15:59:53	jinsu	inhyuk_v8	/srv/nypc/TEAM/vs/babsang.cpp	105	6	sweep(N=181..249)	-	28	77	0	0	0.267	4.3	20260829T155939-jinsu-751892
2026-08-29T16:00:05	jinsu	inhyuk_v7	/srv/nypc/TEAM/vs/babsang.cpp	105	6	sweep(N=181..249)	-	34	70	1	0	0.327	4.6	20260829T155953-jinsu-812354
2026-08-29T16:01:48	jinsu	inhyuk_v8	/srv/nypc/TEAM/vs/babsang.cpp	6	3	sweep(N=181..249)	-	0	6	0	0	0.000	0.0	20260829T160147-jinsu-874389
2026-08-29T16:03:04	jinsu	inhyuk_v8	babsang	105	6	sweep(N=181..249)	-	32	73	0	0	0.305	4.5	20260829T160252-jinsu-878880
2026-08-29T16:03:16	jinsu	inhyuk_v7	babsang	105	6	sweep(N=181..249)	-	33	72	0	0	0.314	4.5	20260829T160304-jinsu-939868
2026-08-29T16:03:33	jinsu	sehyeon7	babsang	105	6	sweep(N=181..249)	-	38	67	0	0	0.362	4.7	20260829T160316-jinsu-1003093
2026-08-29T16:04:25	jinsu	babsang	sr_reinf	105	6	sweep(N=181..249)	-	0	105	0	0	0.000	0.0	20260829T160421-jinsu-1068147
2026-08-29T16:04:30	jinsu	babsang	staged_rush	105	6	sweep(N=181..249)	-	0	105	0	0	0.000	0.0	20260829T160425-jinsu-1077846
2026-08-29T16:04:35	jinsu	babsang	rush	105	6	sweep(N=181..249)	-	0	105	0	0	0.000	0.0	20260829T160430-jinsu-1088963
2026-08-29T16:04:45	jinsu	babsang	rush	4	2	sweep(N=181..249)	-	0	4	0	0	0.000	0.0	20260829T160445-jinsu-1098914
2026-08-29T16:06:26	jinsu	inhyuk_v8	r15_sub	105	6	sweep(N=181..249)	-	46	29	30	0	0.613	5.6	20260829T160602-jinsu-1099843
2026-08-29T16:06:48	jinsu	inhyuk_v7	r15_sub	105	6	sweep(N=181..249)	-	13	25	67	0	0.342	7.7	20260829T160626-jinsu-1179960
2026-08-29T16:07:09	jinsu	sehyeon7	r15_sub	105	6	sweep(N=181..249)	-	54	20	31	0	0.730	5.2	20260829T160648-jinsu-1263784
2026-08-29T16:07:14	jinsu	r15_sub	sr_reinf	105	6	sweep(N=181..249)	-	67	38	0	0	0.638	4.7	20260829T160709-jinsu-1344427
2026-08-29T16:07:26	jinsu	r15_sub	babsang	105	6	sweep(N=181..249)	-	27	76	2	0	0.262	4.3	20260829T160714-jinsu-1369278
2026-08-29T16:10:04	jinsu	sehyeon7	sr_reinf	105	6	sweep(N=181..249)	-	70	35	0	0	0.667	4.6	20260829T161000-jinsu-1432586
2026-08-29T16:11:18	jinsu	sehyeon7	staged_rush	105	6	sweep(N=181..249)	-	77	26	2	0	0.748	4.3	20260829T161109-jinsu-1458812
2026-08-29T16:11:27	jinsu	sehyeon7	rush	105	6	sweep(N=181..249)	-	91	14	0	0	0.867	3.3	20260829T161118-jinsu-1521324
